warehouse,store,flow,cost
W1,S1,25.0,3.5201124359404123
W1,S4,42.0,10.856624644947063
W1,S8,36.0,6.1100252897355105
W1,S10,22.0,0.3097786578938546
W2,S2,44.0,3.1317551059351043
W2,S5,74.0,5.702282533745686
W2,S7,58.0,8.459487106798594
W3,S3,26.0,2.326918003315503
W3,S6,42.0,2.7058005810914105
W3,S9,71.0,12.85544926905041
